name,gender
José,M
Chie,F
Fernando,M
Massao,M
Alexandre,M
André,M
Kenji,M
Akemi,F
Naiara,F
Letícia,F
Sabrina,F
Rafaela,F
Natália,F
Renata,F
Samuel,M
Henrique,M
Luana,F
Paulo,M
Anil,M
Igor,M
Ana,F
Elias,M
Jéssica,F
Lívia,F
Fábio,M
Takeshi,M
Daniel,M
Gabriela,F
Tiago,M
Marcelo,M
Surya,M
Priscila,F
Sumiko,F
Yumi,F
Sakura,F
Nilson,M
Estevão,M
Toru,M
Ícaro,M
Naoko,F
Daniela,F
Vanessa,F
Itamar,M
Iara,F
Patrícia,F
Antônio,M
Pedro,M
Ronaldo,M
Ricardo,M
Tatiane,F
Camila,F
Cláudia,F
Joaquim,M
Leandro,M
Yasmin,F
Carla,F
Isabela,F
Ravi,M
Maiara,F
Indira,F
Luciano,M
Aline,F
Felipe,M
Hideo,M
Renato,M
Juliana,F
Rodrigo,M
Bruno,M
Rafael,M
Maria,F
Murilo,M
Vinícius,M
Eduardo,M
Carlos,M
Lucas,M
Tupinambá,F
Bruna,F
Amanda,F
João,M
Gabriel,M
Jaciara,F
Vitória,F
Anahy,F
Sandra,F
Helena,F
Aiko,F
Tainá,F
Miguel,M
Akira,M
Mateus,M
Caio,M
Beatriz,F
Fernanda,F
Larissa,F
Rina,F
Iracema,F
Krishna,M
Gustavo,M
Érica,F
Mei,F
